{
  "execPath": "C:/Users/Anusha/.platformio/packages/toolchain-xtensa32/bin/xtensa-esp32-elf-g++.exe",
  "gccDefaultCFlags": "-fsyntax-only -std=gnu99 -Wno-old-style-declaration -Os -g3 -Wall -nostdlib -Wpointer-arith -Wno-error=unused-but-set-variable -Wno-error=unused-variable -mlongcalls -ffunction-sections -fdata-sections -fstrict-volatile-bitfields -Wno-error=deprecated-declarations -Wno-error=unused-function -Wno-unused-parameter -Wno-sign-compare -fstack-protector -fexceptions -Werror=reorder -DPLATFORMIO=40304 -DARDUINO_ESP32_DEV -DESP32 -DESP_PLATFORM -DF_CPU=240000000L -DHAVE_CONFIG_H -DMBEDTLS_CONFIG_FILE=\"mbedtls/esp_config.h\" -DARDUINO=10805 -DARDUINO_ARCH_ESP32 -DARDUINO_VARIANT=\"esp32\" -DARDUINO_BOARD=\"Espressif\\ ESP32\\ Dev\\ Module\"",
  "gccDefaultCppFlags": "-fsyntax-only -fno-rtti -fno-exceptions -std=gnu++11 -Os -g3 -Wall -nostdlib -Wpointer-arith -Wno-error=unused-but-set-variable -Wno-error=unused-variable -mlongcalls -ffunction-sections -fdata-sections -fstrict-volatile-bitfields -Wno-error=deprecated-declarations -Wno-error=unused-function -Wno-unused-parameter -Wno-sign-compare -fstack-protector -fexceptions -Werror=reorder -DPLATFORMIO=40304 -DARDUINO_ESP32_DEV -DESP32 -DESP_PLATFORM -DF_CPU=240000000L -DHAVE_CONFIG_H -DMBEDTLS_CONFIG_FILE=\"mbedtls/esp_config.h\" -DARDUINO=10805 -DARDUINO_ARCH_ESP32 -DARDUINO_VARIANT=\"esp32\" -DARDUINO_BOARD=\"Espressif\\ ESP32\\ Dev\\ Module\"",
  "gccErrorLimit": 15,
  "gccIncludePaths": "D:/FreelancerProjects/Freelancer/Lorenso/Embedded/Freematics/firmware_v5/sim7600SetCert/include,D:/FreelancerProjects/Freelancer/Lorenso/Embedded/Freematics/firmware_v5/sim7600SetCert,C:/Users/Anusha/.platformio/packages/framework-arduinoespressif32/tools/sdk/include/config,C:/Users/Anusha/.platformio/packages/framework-arduinoespressif32/tools/sdk/include/app_trace,C:/Users/Anusha/.platformio/packages/framework-arduinoespressif32/tools/sdk/include/app_update,C:/Users/Anusha/.platformio/packages/framework-arduinoespressif32/tools/sdk/include/asio,C:/Users/Anusha/.platformio/packages/framework-arduinoespressif32/tools/sdk/include/bootloader_support,C:/Users/Anusha/.platformio/packages/framework-arduinoespressif32/tools/sdk/include/bt,C:/Users/Anusha/.platformio/packages/framework-arduinoespressif32/tools/sdk/include/coap,C:/Users/Anusha/.platformio/packages/framework-arduinoespressif32/tools/sdk/include/console,C:/Users/Anusha/.platformio/packages/framework-arduinoespressif32/tools/sdk/include/driver,C:/Users/Anusha/.platformio/packages/framework-arduinoespressif32/tools/sdk/include/esp-tls,C:/Users/Anusha/.platformio/packages/framework-arduinoespressif32/tools/sdk/include/esp32,C:/Users/Anusha/.platformio/packages/framework-arduinoespressif32/tools/sdk/include/esp_adc_cal,C:/Users/Anusha/.platformio/packages/framework-arduinoespressif32/tools/sdk/include/esp_event,C:/Users/Anusha/.platformio/packages/framework-arduinoespressif32/tools/sdk/include/esp_http_client,C:/Users/Anusha/.platformio/packages/framework-arduinoespressif32/tools/sdk/include/esp_http_server,C:/Users/Anusha/.platformio/packages/framework-arduinoespressif32/tools/sdk/include/esp_https_ota,C:/Users/Anusha/.platformio/packages/framework-arduinoespressif32/tools/sdk/include/esp_ringbuf,C:/Users/Anusha/.platformio/packages/framework-arduinoespressif32/tools/sdk/include/ethernet,C:/Users/Anusha/.platformio/packages/framework-arduinoespressif32/tools/sdk/include/expat,C:/Users/Anusha/.platformio/packages/framework-arduinoespressif32/tools/sdk/include/fatfs,C:/Users/Anusha/.platformio/packages/framework-arduinoespressif32/tools/sdk/include/freemodbus,C:/Users/Anusha/.platformio/packages/framework-arduinoespressif32/tools/sdk/include/freertos,C:/Users/Anusha/.platformio/packages/framework-arduinoespressif32/tools/sdk/include/heap,C:/Users/Anusha/.platformio/packages/framework-arduinoespressif32/tools/sdk/include/idf_test,C:/Users/Anusha/.platformio/packages/framework-arduinoespressif32/tools/sdk/include/jsmn,C:/Users/Anusha/.platformio/packages/framework-arduinoespressif32/tools/sdk/include/json,C:/Users/Anusha/.platformio/packages/framework-arduinoespressif32/tools/sdk/include/libsodium,C:/Users/Anusha/.platformio/packages/framework-arduinoespressif32/tools/sdk/include/log,C:/Users/Anusha/.platformio/packages/framework-arduinoespressif32/tools/sdk/include/lwip,C:/Users/Anusha/.platformio/packages/framework-arduinoespressif32/tools/sdk/include/mbedtls,C:/Users/Anusha/.platformio/packages/framework-arduinoespressif32/tools/sdk/include/mdns,C:/Users/Anusha/.platformio/packages/framework-arduinoespressif32/tools/sdk/include/micro-ecc,C:/Users/Anusha/.platformio/packages/framework-arduinoespressif32/tools/sdk/include/mqtt,C:/Users/Anusha/.platformio/packages/framework-arduinoespressif32/tools/sdk/include/newlib,C:/Users/Anusha/.platformio/packages/framework-arduinoespressif32/tools/sdk/include/nghttp,C:/Users/Anusha/.platformio/packages/framework-arduinoespressif32/tools/sdk/include/nvs_flash,C:/Users/Anusha/.platformio/packages/framework-arduinoespressif32/tools/sdk/include/openssl,C:/Users/Anusha/.platformio/packages/framework-arduinoespressif32/tools/sdk/include/protobuf-c,C:/Users/Anusha/.platformio/packages/framework-arduinoespressif32/tools/sdk/include/protocomm,C:/Users/Anusha/.platformio/packages/framework-arduinoespressif32/tools/sdk/include/pthread,C:/Users/Anusha/.platformio/packages/framework-arduinoespressif32/tools/sdk/include/sdmmc,C:/Users/Anusha/.platformio/packages/framework-arduinoespressif32/tools/sdk/include/smartconfig_ack,C:/Users/Anusha/.platformio/packages/framework-arduinoespressif32/tools/sdk/include/soc,C:/Users/Anusha/.platformio/packages/framework-arduinoespressif32/tools/sdk/include/spi_flash,C:/Users/Anusha/.platformio/packages/framework-arduinoespressif32/tools/sdk/include/spiffs,C:/Users/Anusha/.platformio/packages/framework-arduinoespressif32/tools/sdk/include/tcp_transport,C:/Users/Anusha/.platformio/packages/framework-arduinoespressif32/tools/sdk/include/tcpip_adapter,C:/Users/Anusha/.platformio/packages/framework-arduinoespressif32/tools/sdk/include/ulp,C:/Users/Anusha/.platformio/packages/framework-arduinoespressif32/tools/sdk/include/vfs,C:/Users/Anusha/.platformio/packages/framework-arduinoespressif32/tools/sdk/include/wear_levelling,C:/Users/Anusha/.platformio/packages/framework-arduinoespressif32/tools/sdk/include/wifi_provisioning,C:/Users/Anusha/.platformio/packages/framework-arduinoespressif32/tools/sdk/include/wpa_supplicant,C:/Users/Anusha/.platformio/packages/framework-arduinoespressif32/tools/sdk/include/xtensa-debug-module,C:/Users/Anusha/.platformio/packages/framework-arduinoespressif32/tools/sdk/include/esp-face,C:/Users/Anusha/.platformio/packages/framework-arduinoespressif32/tools/sdk/include/esp32-camera,C:/Users/Anusha/.platformio/packages/framework-arduinoespressif32/tools/sdk/include/fb_gfx,C:/Users/Anusha/.platformio/packages/framework-arduinoespressif32/cores/esp32,C:/Users/Anusha/.platformio/packages/framework-arduinoespressif32/variants/esp32,D:/FreelancerProjects/Freelancer/Lorenso/Embedded/Freematics/libraries/FreematicsCell,D:/FreelancerProjects/Freelancer/Lorenso/Embedded/Freematics/libraries/FreematicsOLED,D:/FreelancerProjects/Freelancer/Lorenso/Embedded/Freematics/libraries/FreematicsONE,D:/FreelancerProjects/Freelancer/Lorenso/Embedded/Freematics/libraries/FreematicsPlus,D:/FreelancerProjects/Freelancer/Lorenso/Embedded/Freematics/libraries/FreematicsPlus/utility,D:/FreelancerProjects/Freelancer/Lorenso/Embedded/Freematics/libraries/TinyGPS,D:/FreelancerProjects/Freelancer/Lorenso/Embedded/Freematics/libraries/httpd,C:/Users/Anusha/.platformio/packages/framework-arduinoespressif32/libraries/ArduinoOTA/src,C:/Users/Anusha/.platformio/packages/framework-arduinoespressif32/libraries/AsyncUDP/src,C:/Users/Anusha/.platformio/packages/framework-arduinoespressif32/libraries/AzureIoT/src,C:/Users/Anusha/.platformio/packages/framework-arduinoespressif32/libraries/BLE/src,C:/Users/Anusha/.platformio/packages/framework-arduinoespressif32/libraries/BluetoothSerial/src,C:/Users/Anusha/.platformio/packages/framework-arduinoespressif32/libraries/DNSServer/src,C:/Users/Anusha/.platformio/packages/framework-arduinoespressif32/libraries/EEPROM/src,C:/Users/Anusha/.platformio/packages/framework-arduinoespressif32/libraries/ESP32/src,C:/Users/Anusha/.platformio/packages/framework-arduinoespressif32/libraries/ESPmDNS/src,C:/Users/Anusha/.platformio/packages/framework-arduinoespressif32/libraries/FFat/src,C:/Users/Anusha/.platformio/packages/framework-arduinoespressif32/libraries/FS/src,C:/Users/Anusha/.platformio/packages/framework-arduinoespressif32/libraries/HTTPClient/src,C:/Users/Anusha/.platformio/packages/framework-arduinoespressif32/libraries/HTTPUpdate/src,C:/Users/Anusha/.platformio/packages/framework-arduinoespressif32/libraries/NetBIOS/src,C:/Users/Anusha/.platformio/packages/framework-arduinoespressif32/libraries/Preferences/src,C:/Users/Anusha/.platformio/packages/framework-arduinoespressif32/libraries/SD/src,C:/Users/Anusha/.platformio/packages/framework-arduinoespressif32/libraries/SD_MMC/src,C:/Users/Anusha/.platformio/packages/framework-arduinoespressif32/libraries/SPI/src,C:/Users/Anusha/.platformio/packages/framework-arduinoespressif32/libraries/SPIFFS/src,C:/Users/Anusha/.platformio/packages/framework-arduinoespressif32/libraries/SimpleBLE/src,C:/Users/Anusha/.platformio/packages/framework-arduinoespressif32/libraries/Ticker/src,C:/Users/Anusha/.platformio/packages/framework-arduinoespressif32/libraries/Update/src,C:/Users/Anusha/.platformio/packages/framework-arduinoespressif32/libraries/WebServer/src,C:/Users/Anusha/.platformio/packages/framework-arduinoespressif32/libraries/WiFi/src,C:/Users/Anusha/.platformio/packages/framework-arduinoespressif32/libraries/WiFiClientSecure/src,C:/Users/Anusha/.platformio/packages/framework-arduinoespressif32/libraries/Wire/src,C:/Users/Anusha/.platformio/packages/toolchain-xtensa32/xtensa-esp32-elf/include/c++/5.2.0,C:/Users/Anusha/.platformio/packages/toolchain-xtensa32/xtensa-esp32-elf/include/c++/5.2.0/xtensa-esp32-elf,C:/Users/Anusha/.platformio/packages/toolchain-xtensa32/lib/gcc/xtensa-esp32-elf/5.2.0/include,C:/Users/Anusha/.platformio/packages/toolchain-xtensa32/lib/gcc/xtensa-esp32-elf/5.2.0/include-fixed,C:/Users/Anusha/.platformio/packages/toolchain-xtensa32/xtensa-esp32-elf/include,C:/Users/Anusha/.platformio/packages/tool-unity",
  "gccSuppressWarnings": false
}
